article_id,score
4182,0.19396591777495809
19244,0.16410618507414754
21302,0.2721013537031805
4978,0.17897609644875895
22285,0.3004438545094293
21309,0.14433929736575904
20842,0.2348921455037933
33565,0.1712846416052189
10096,0.3605808722909819
2704,0.16367234815035792
11876,0.10031835808994434
37818,0.3797964726726703
14420,0.08882046420787919
19526,0.3915651897374824
14866,0.1656069803012559
17240,0.07177223012053305
26399,0.2937557045392138
33775,0.5008146764999319
30290,0.3412632535735081
11979,0.14820154657512302
24667,0.13662098223595534
17742,0.1384034980033208
14771,0.5886003983470032
39413,0.360794667819156
14518,0.2462273333395528
2411,0.12817522067475295
12891,0.4786430555292379
34490,0.15502422969298565
23785,0.09436689640152
29461,0.15141850218980896
37211,0.24642326371548684
25149,0.11354725141893965
6225,0.0924611419982235
13710,0.2403610184647545
19234,0.09822046725509928
34068,0.07209167902574226
37463,0.3029618804776725
38549,0.13033750661336418
36304,0.19519085718724802
21305,0.1818434132582079
3620,0.3843401075781952
4674,0.29487171818267083
19982,0.16096990649531298
3496,0.20205117469425188
18099,0.1270165816200721
39118,0.1538455503124172
18510,0.08787796892569956
8653,0.12764959977870605
199,0.08505381661821927
35589,0.06289160708289078
37762,0.17378942653374047
3413,0.2274324194139312
18349,0.31579235293095553
6600,0.07831386330630713
22018,0.18099479220127732
36823,0.3894156721054999
36862,0.20706264387490764
18652,0.10832880675623584
39140,0.15814121881324686
39554,0.08693778197772932
31980,0.15559007178611028
14111,0.33618620928841186
34133,0.19794030037128246
34682,0.06686935176235856
27120,0.3241096024582714
17713,0.5685043175910311
20130,0.2375907948343028
22478,0.2189747120901509
26643,0.14179974531063
33346,0.2213837497665828
37703,0.4457672019262341
39324,0.09803915374632746
3350,0.25855291143804066
22250,0.2134100406910364
3022,0.13174276648206618
1836,0.11567705687509434
35030,0.16908201769760714
9825,0.11870214598014844
8698,0.149273402749578
18091,0.1449315251551021
12583,0.06423824808697079
13014,0.14250796411978373
7216,0.14689993725489855
869,0.1085552950698373
19474,0.09206412329637924
30396,0.12699582699893544
24882,0.07897413178823579
27235,0.3220986012042428
27020,0.05805587785794648
33102,0.5313221313764537
35922,0.1269889474464874
16137,0.2867053850861821
32981,0.3055777845476774
9743,0.3085650341937586
10002,0.3267337181911945
3445,0.2560277369733328
19220,0.10006643087220199
13635,0.12991120571884845
18666,0.2427885980309452
11321,0.12279301819794737
7757,0.4160687226967942
15951,0.06392496326142805
32666,0.43505515815244
21758,0.24230177158557206
27666,0.1620975284999068
10590,0.2651136068537365
3890,0.17538547302283072
29099,0.19110204787057689
25262,0.1384223381026247
12348,0.14963451844332115
7323,0.18659477685697254
9036,0.12835413983685431
28639,0.1480708149895303
466,0.1407928252618764
33309,0.1684907752672799
15418,0.08449932954138599
10666,0.12954960019519027
11627,0.0944998200585572
11948,0.132842766586088
7962,0.15673821522410028
2311,0.4095909601935747
15726,0.1585820440655762
6231,0.249723681859204
21239,0.08505658401060229
28404,0.2696217922903809
21577,0.24053032299780305
11651,0.3189662150594117
27249,0.3198796910672724
13015,0.07835138284699783
28389,0.3321654521967266
38573,0.05540107752912959
7911,0.2512221418084489
35249,0.09910687135650738
6380,0.13240101160413134
34724,0.10464135146460296
8020,0.3938572772275247
29536,0.10394634432139796
22795,0.10765864698606407
29466,0.19722934679924664
35339,0.19259408237843867
31021,0.1278218561486512
4994,0.17894878024339214
35106,0.17397897750905178
24637,0.09568645199405253
5864,0.09176108402083216
23564,0.09955463560900432
16268,0.1394206652809879
25809,0.15765970626691164
21027,0.34101359849243107
35586,0.3097844045906952
37698,0.11384900304676975
26005,0.08304078079844468
19255,0.42035708269696004
14159,0.13000679785826447
10271,0.16522621933061693
22903,0.06651570604970307
12198,0.11537826289860728
12460,0.16982486633401625
32665,0.13459672156706431
26426,0.09519434903610434
32113,0.08477930805121328
16826,0.2691259719423221
32767,0.2929048346150022
38793,0.2436621547607585
1820,0.11147467972092123
19895,0.1529102642576282
10384,0.12617685942557333
9336,0.10539972471461176
12068,0.15321689513331982
26929,0.2808042400938552
39348,0.3911718241591525
23678,0.12596919232452622
7787,0.3009706829269715
12045,0.10593091254703686
3872,0.13618713504804902
18034,0.11012951509630653
21220,0.1628486698251303
27581,0.1557300321555164
779,0.14131708831155246
36697,0.2971454593279922
32506,0.29255365236942243
5548,0.07940883535320124
22919,0.2689361565507597
29649,0.106381078094671
28107,0.15916948500197622
15583,0.14900290526649304
30886,0.2632389184899529
37093,0.10402486734229498
22237,0.16172310106081414
29958,0.45022862313200185
8320,0.2062103045623884
28637,0.4541577965260146
32962,0.12631584744679306
2719,0.23677625849205125
15729,0.3859603968295296
30739,0.10791683977202446
4148,0.19716112383867826
13941,0.2288067907907556
1329,0.0977908510550758
39277,0.08117330849763595
9790,0.09747730313270896
34742,0.2951249569866207
15425,0.14842980864845734
8209,0.12773682597872196
30656,0.13997384217167852
35912,0.2254918468289233
17291,0.1236993173225654
29131,0.158870481279951
16865,0.1816165314251532
11592,0.2760008441990565
31151,0.3112456278532269
6820,0.27458531560128513
5393,0.2984461391611904
27669,0.13593143553680945
14515,0.0807758355237647
6157,0.1460840132533488
9869,0.2402820882147872
34425,0.3496364217870607
24448,0.13790328332613094
12572,0.10578132658500934
16910,0.17371159896317828
19610,0.1494669032187594
31477,0.11300714129925298
31963,0.10474977784369273
34548,0.32962938695795985
21994,0.1598564492235727
37429,0.28427722723819143
6181,0.13604510614904822
20444,0.2882288154898003
416,0.22468370799240694
3607,0.31556567355695964
16511,0.13656938171818453
34519,0.14386089951819706
39367,0.2250368602617169
32846,0.2813757372608306
3665,0.10835725685420768
17143,0.19176954971439494
20634,0.07386608111102667
34662,0.19888892741690706
10547,0.3938639447626297
21327,0.3289753683486417
3598,0.2737563352549741
15411,0.36824018083007415
698,0.18905670056172047
15523,0.3797233187520784
34214,0.10914060113983838
38815,0.16143103821456087
36360,0.3457348985377348
13708,0.1796950947160256
12801,0.2305321085759442
29875,0.1874792620286848
24815,0.09790949939282724
13330,0.13715274586236187
35958,0.16977031252465444
39252,0.3306910090577257
39464,0.09508792864945766
31284,0.1708019688731556
15429,0.21688724896580494
39050,0.09146056107379114
35195,0.3339001330346184
26960,0.12132891779404932
34328,0.11615757026960118
10499,0.10381858838400496
38694,0.1309681187874392
14378,0.06711005281872665
12810,0.3761769315651179
33307,0.1759444504328826
20241,0.39651546012122185
2811,0.19062289983349276
18955,0.35190842293544616
39317,0.3561465185804118
11009,0.1896163687233951
16866,0.37776529969257855
27220,0.18797586584616072
4487,0.17747273151247214
11909,0.4105893517769513
38206,0.18468162825757709
12442,0.14757972682425066
9699,0.09897635526736248
6364,0.13769652065180255
12750,0.1636902058103942
31156,0.21515637665280848
36813,0.13006396030032116
24202,0.3390176446406115
12566,0.3647014570070684
24240,0.12908951309259262
16217,0.22743136277825945
5243,0.09880539839094347
31387,0.1053193276711414
6769,0.11596910283591012
30792,0.15286022159844306
36125,0.20273117314813072
19619,0.225084012288136
30115,0.35554932671681394
7046,0.11348430554283165
178,0.12471612261810006
5503,0.1950616157414061
10253,0.1176268265862506
2171,0.22689008878444725
10667,0.1378111527838388
13130,0.24098506950526874
17259,0.26221480506523875
19186,0.11666911187635674
18023,0.2393567069805005
36386,0.20152247174088075
16655,0.4462749101872061
24526,0.1768874773028268
25136,0.10979441100999457
9481,0.26137248670271185
12325,0.11688206341276805
12933,0.1123467138821596
5086,0.2613104872660997
18379,0.3263252224980844
39008,0.3521491210033893
21412,0.1797759994474787
21214,0.3558077127202313
35165,0.1316851379856982
1463,0.17151304463010345
5798,0.11873233357662807
22007,0.20323222893525686
12023,0.180951246919816
24935,0.15905309348556448
34179,0.2434356620996585
23939,0.09413903380914997
22715,0.27232632887941177
31014,0.16160861213596955
38435,0.13919042787906136
22722,0.16233398180980102
10475,0.20608882101785586
142,0.21250508360338616
30740,0.14326041501856646
5520,0.10603270271437
35681,0.11342659998268867
9884,0.2198079538680751
25063,0.19819649375596496
5678,0.19920957734798253
30330,0.23696147338878354
25848,0.3713763141144827
36897,0.1767033522219765
30604,0.2613860960810126
29287,0.15687520800017893
36314,0.20077887386421933
32305,0.6333669933764972
19076,0.14985163004332308
20333,0.07293727857693506
4867,0.21100276091992795
34704,0.09281359873214493
36580,0.12887376548832954
15220,0.2087161597088594
12732,0.1413051698378075
29629,0.2052867735936919
1848,0.1827843362905561
12332,0.10012838027061896
8878,0.28214541957804684
19359,0.15174425887819468
25496,0.17592079526004606
31172,0.13610912282173465
16066,0.12612659353872532
13484,0.10550360147866487
12986,0.19376034665088987
2119,0.10529016503212413
21529,0.4215139060962424
18078,0.1449332971142961
25376,0.1722218647108764
25060,0.27637741633964946
22925,0.2849580447189468
29120,0.4565026638911228
2212,0.11052355561624032
15278,0.21647280922746015
29591,0.2738488293107173
8672,0.3831554019348294
11271,0.3165196466509374
9221,0.4806339474822591
2793,0.1447416284161934
18565,0.08279778982287624
20190,0.35235479815628984
2865,0.15374545516603585
22448,0.15487937445997071
28018,0.11038189088611272
29522,0.5042119693936951
23454,0.3473682339428569
56,0.09720258730578643
1029,0.14458267703310926
8747,0.1471118729681717
24265,0.07593789866462587
27426,0.1062105656002966
2498,0.10693597020689023
4260,0.14036963196576008
19933,0.18905810791414773
34800,0.4496305218952663
7735,0.18296656822939708
7668,0.21070683495001585
26349,0.259438317486745
38396,0.31875944991222444
7751,0.2484946769170932
38684,0.1585270248956311
26686,0.17734945292996734
22530,0.23526045902494425
9094,0.09140620643766803
8185,0.14239603568234765
16630,0.2274218395182595
25341,0.19881928831112144
17306,0.08072989654648173
25504,0.16713476865100654
27134,0.09478114760607856
2765,0.21960542077407846
5227,0.17368013329878396
11941,0.10136784835651473
35581,0.2819767066879589
35083,0.3090657484622341
20213,0.04989682462336514
23787,0.09030297028432199
9490,0.13388166834863716
1345,0.16802206715107018
31360,0.08583122058231163
21068,0.0915106214046784
29710,0.20835022328811773
35707,0.17054033383618392
18587,0.12915223336822046
27622,0.4813614824819454
24939,0.06583556255382185
2913,0.12762575645613075
2933,0.10089727240190943
21838,0.3632835263816408
33339,0.09575306092291133
12515,0.15638882629125722
15921,0.2987917434950306
11707,0.2210819403176962
35800,0.14538733189486255
23556,0.17295114175345194
9794,0.1261774887356851
36269,0.2605230618983935
6061,0.15733776274106032
32244,0.325699274872814
16175,0.16344384406276655
8489,0.33996812942267035
13306,0.10362466252410542
36005,0.2758224179028606
22609,0.08671035313039133
35817,0.13538417355186766
7210,0.08494237478156827
19249,0.2399418887130204
24558,0.20562096182207476
18656,0.11093131558929413
37413,0.2647894721817665
899,0.10676597248378476
5220,0.1921947041876049
36511,0.10209656404698554
21712,0.16728957136366593
4442,0.2293757077020473
26341,0.118305247978483
34868,0.14329276661276394
24472,0.4276637250758489
324,0.111337241288974
24351,0.14654139240794448
3039,0.15948010346176894
23189,0.2393947865309236
36710,0.2363752719686629
17667,0.26539788377542045
25299,0.2332148123194148
3254,0.26559160968628825
35277,0.08209819442462851
6414,0.18396838771309548
31706,0.08197430257338804
8135,0.12767840242329165
26235,0.08476637378381009
8286,0.19262151853680726
20669,0.3827034535342588
24417,0.16768475592154602
36399,0.2951335755931714
37439,0.06364851628971799
27274,0.27843331617925754
25732,0.2671392637157447
26351,0.1979907939431512
5301,0.1372220179361565
17896,0.11440481172806465
28998,0.3920201336023108
38713,0.21603883515657388
11599,0.24915012730523695
36893,0.3928402219159553
28697,0.18792969029531492
13814,0.15146808405663634
13664,0.27475293230976616
27310,0.13328392413413742
15692,0.16486090712623444
22678,0.16287392985517032
3236,0.15871242483507986
21334,0.29789509209730386
9637,0.10671505144666273
14429,0.13591428565780958
339,0.11546070731106857
12485,0.18891080466223525
2788,0.09799707530112704
29750,0.10273148130322098
20151,0.14920065941719507
4282,0.2517127649354799
984,0.13486838560842762
6399,0.2054433138471744
12593,0.20494014874994945
7697,0.3334961237309786
10780,0.11863865686586238
20202,0.3941949609397162
22842,0.16772082312054787
4275,0.4033839609703983
29599,0.5825328120874119
32577,0.13101392776490325
18872,0.3504995130114623
27346,0.12009336967650908
24724,0.22069914240866229
10884,0.2101445730700945
6307,0.27667841779743263
36216,0.2744143617906821
24898,0.08447517795395627
11053,0.1863144850019348
30917,0.3405917378403415
19025,0.2827956573391404
13517,0.3003497831385571
20073,0.2577725075775214
4794,0.10339993546659998
30748,0.14491152460910015
35802,0.2119174297902868
11855,0.13846665085067206
38543,0.17826679280757002
36253,0.08114954153414503
35932,0.4481371713091877
35265,0.09837822034816124
26072,0.1702317424000982
8959,0.14802445084869573
28555,0.1253901982679448
19808,0.27522430555491273
6608,0.10815751632054746
12271,0.17563951714771872
30962,0.0927628420307602
24733,0.1302789647904987
21460,0.11062450284509534
7770,0.13734620681460602
23476,0.15277087032302036
38685,0.11995744090517901
800,0.1548810425180321
8536,0.2837999127932012
260,0.08882271536595925
20821,0.2168994348743246
1505,0.1575321611669952
6670,0.1160298346186952
30654,0.3338164547453758
17465,0.306129695304913
15823,0.2207227879417875
15365,0.12876182024692526
19518,0.37374938138604746
5797,0.16063836426394046
27019,0.10072300318266662
12189,0.10229902730188108
17059,0.07404190480897323
37971,0.2563747331697179
31131,0.10642383191971796
12423,0.15011385869243046
24863,0.08730481769209666
9608,0.18171319299409536
14667,0.2237886529031947
19146,0.3094443591710902
13072,0.1845145270506556
25458,0.10121255999205628
27200,0.16380935776610414
7729,0.1045359433550526
23711,0.2685699198167737
30517,0.1526733141626244
31295,0.2396537718070837
39245,0.07816857859268554
19207,0.18358256169408807
36204,0.10400530738624617
5426,0.2340986737925061
33137,0.29841292545232945
33537,0.09101403644168367
15954,0.2390656699766705
23960,0.07031223713910623
4672,0.21096299062312596
7024,0.1933447347107211
35876,0.1498033412814869
15877,0.24249315870043855
9678,0.16207612877812158
28917,0.13179628499326634
12099,0.18926663000840468
39543,0.17897112776357174
23794,0.3135700097626342
22935,0.4170164842560072
7330,0.20130096205952194
14164,0.15957019888860288
21960,0.16675881296707062
38195,0.15681264337001485
23423,0.1707990799639766
32917,0.06410724593828365
32532,0.06420791223566594
32712,0.2215315764062003
7466,0.10381660261618134
20806,0.2673802693511714
29802,0.14063837391385542
27536,0.1221217616026917
31181,0.3402963506859356
26274,0.3618646086733184
9912,0.1037088670689019
34372,0.31346424066875656
11771,0.28528527104961704
7150,0.2046767033163168
1064,0.1943159761888052
7313,0.19287521222124696
5384,0.22347102245553016
4012,0.10692804132342897
18068,0.08615380914396982
12873,0.08749207336509088
12094,0.5103261663605734
38375,0.14322398745877624
15031,0.14964685327665792
29797,0.10974702793863468
19374,0.13650387941912953
3836,0.1981734560771348
13942,0.16681886689231235
14041,0.3448013685405643
19270,0.24892561350282266
14313,0.23522771727601954
9407,0.2062411482060781
14225,0.130941405533821
8447,0.21972324406180774
11501,0.1777169187036712
30043,0.3227603416040223
32940,0.11005322999760657
9710,0.19509280057970105
18751,0.19114263661834574
33931,0.2364585851636017
19595,0.21763902012327507
37472,0.2265484839649179
10956,0.460953659039541
16759,0.1547128247691994
13782,0.14483646196649055
14583,0.09997259261232308
21490,0.13503983289229854
8526,0.13297612397891878
21940,0.12012527173457173
20353,0.10146814584757598
11297,0.1640508928605669
20079,0.12498354713839795
8304,0.15948750206279294
6547,0.1726456520020335
2738,0.2802426169844636
25084,0.32681957059508376
38565,0.2898567498336274
18612,0.13737486716043826
19361,0.18015936962226503
12225,0.14892196778749822
22477,0.10671077940492543
23355,0.14858701845270209
14115,0.2266613514602436
38709,0.17245160984365254
1949,0.194270764987032
16573,0.13930905966406062
4896,0.22706266047312015
27613,0.13531652472252034
14748,0.061773110651063175
39487,0.15539194607316995
28421,0.24926934536312784
21532,0.2578960720367709
1003,0.184946115719174
38251,0.12106495772344678
17794,0.1481832522092905
26690,0.18003662587823907
31268,0.0878518173113578
19929,0.2857427699417324
14201,0.2719139089164885
2094,0.1487479674476337
26722,0.100368238905075
1503,0.14056997670163887
10721,0.11722171280004287
5587,0.16104966821916405
14434,0.2303654333087559
32652,0.3905821479351014
8220,0.11759664483181445
13208,0.17332335031562712
1778,0.28307458809909025
27494,0.272063141454029
2087,0.1838260842316428
12962,0.12258150289555475
5653,0.26446721256253736
6697,0.2868677369331103
10204,0.1463323273653521
19824,0.27599628236486123
36663,0.12343354446688473
30342,0.3927014776576173
35294,0.14317269832691046
23644,0.21010786246748356
35580,0.16749315413267055
27754,0.34984979535373456
15286,0.17413199079611424
1984,0.17570993020675346
25108,0.20032104099471407
39151,0.09331085125988968
34765,0.18996730065928133
11021,0.1972196544647493
6725,0.19932954543556994
11883,0.3235418572079036
16735,0.08424801964709798
2082,0.1072496915380632
13706,0.290438381471229
13996,0.146354500386549
19920,0.1551397577848945
19789,0.2399587317027654
17844,0.15781310390944014
19187,0.18343652278047948
336,0.20891199813376785
20505,0.18622098179494756
7010,0.22752650992868936
32421,0.12040556035514728
26811,0.19912101233238733
16016,0.13710098429532494
37570,0.3013629058069569
19506,0.2615670463077212
39104,0.11278860566336048
29969,0.3627921888924564
25019,0.13979599746253227
26241,0.195046065215451
11778,0.19131968915467745
30519,0.09901931277502186
23019,0.2469233245804324
20411,0.12453797197994824
23808,0.35425912319627906
10102,0.07892806155170386
29616,0.12145186714388374
21751,0.11868110037272428
31206,0.2918493964288853
7275,0.20454204319149052
17144,0.2312566014434463
30756,0.3204098800561383
4679,0.3688087799222388
13248,0.0782932769409411
29613,0.2482822329762676
7432,0.2664852170711058
30928,0.19001449717232755
6382,0.16188619171389693
15009,0.14549345209366488
36799,0.1825041394196518
20382,0.2532873075306597
6004,0.3001182832000404
18210,0.12092720940697692
36049,0.12975570898182665
24715,0.36924125436910893
30328,0.18007608393518293
19391,0.1291238305508123
35821,0.20133990593030493
25382,0.10910641010322868
7308,0.12734981831527764
28096,0.11251662847318007
17590,0.14065379605398773
8484,0.2656783859663752
28379,0.2252097552492865
17876,0.08776464233569914
37324,0.16082062111615852
26841,0.25601418659890696
8566,0.2867961353650277
24782,0.23191120565350526
14222,0.14293138537736555
7033,0.10850936293402112
15716,0.361984459239296
8948,0.3951549383947436
33466,0.2499887190247348
14312,0.19663136704575
2198,0.11640854526682162
19475,0.36645674577474097
24851,0.14277327540151966
21771,0.1914699907249167
3558,0.1807965362823134
35759,0.25305142304715256
18689,0.112752006179987
30318,0.15368471193663413
33276,0.11818191068114685
24707,0.4705922153918833
31953,0.135978533428969
31623,0.31467331712312513
32428,0.3233302231503213
30939,0.3668666994613451
9396,0.1244508675564258
10554,0.1034633148379676
9325,0.11571343074771034
28516,0.3145465125849564
20770,0.08184058875286579
25656,0.19299740036250132
23484,0.26048061292746394
15860,0.09557704854228423
4767,0.2863742263589526
2787,0.18508346296904252
38528,0.1379220372886581
15766,0.12996149934233334
39220,0.1866954587431045
26650,0.18308518690164352
22038,0.3103819302384977
34404,0.4996244408626625
15005,0.18373198181001751
23873,0.09984050144828636
952,0.16231033045354895
2521,0.0992185772363276
11395,0.11328100853780347
25093,0.2928994068161499
24658,0.29064286354974783
35676,0.09205239123232957
24952,0.08288215163370648
37204,0.14268782448483566
21574,0.20507375164807867
13435,0.14018411800036118
17712,0.09025068710629708
10918,0.18569357160964808
31209,0.4254356108285641
25014,0.09540902902887777
24498,0.06540178873407784
5927,0.21629943848663766
10878,0.16742658258317308
5929,0.30266214075526404
27027,0.32274530874488405
1283,0.13120978435748212
36311,0.18031112450239276
23822,0.1225734422331313
8800,0.09764099833438143
2011,0.21922207500187396
8442,0.258470696789588
25330,0.11342228595600284
2948,0.2608230372063781
32886,0.13717755684704108
34738,0.21499939392344736
11478,0.1386885150515654
24740,0.2986707833917341
1560,0.2309058038902922
6727,0.13801343489178233
11074,0.1676841519793411
26502,0.13187118562461111
17244,0.08282754247057017
26316,0.11908022072554485
25862,0.1467672971066549
16565,0.1711388341864738
22814,0.08640884727614831
31636,0.3668094000693501
39325,0.16021640160468897
491,0.14172640413521292
25218,0.1430688322383139
19507,0.3855478525706361
3812,0.26800375109685365
31551,0.0771394325335491
11689,0.1746503231788129
33914,0.0974704806294868
9332,0.2211376423104624
30394,0.12293206147934672
25030,0.08632159400540547
9497,0.31391321166181285
18007,0.07982589094537712
6175,0.39292827769586186
27996,0.3454750432646111
28291,0.11907400935336275
31467,0.2857226800749456
33279,0.16636734587999702
39593,0.17532426143941102
37946,0.11114208190533184
37121,0.08503305230092822
35601,0.0734465505304605
37526,0.1755546460304019
417,0.14003890204887706
30087,0.7002119585845823
35082,0.16749159614570222
24825,0.0764572804831472
5328,0.3314154264338096
21265,0.17509433934904212
37602,0.10918422044298508
34515,0.3968733095882949
31856,0.18126866083664914
6010,0.1464964812961365
11653,0.2848340459950677
39531,0.12722187762280854
12371,0.1320628333087644
16304,0.1995010163658896
5078,0.17253694171978692
30162,0.4386909014529513
18139,0.4358218018189932
23085,0.15732844722913664
38908,0.07342808948550396
12436,0.1094575880317553
27332,0.10865482418284142
15263,0.2017187660713543
34336,0.10289958069507152
19228,0.1137477187909634
10492,0.3529939591485438
26107,0.18272278034872091
10702,0.28762436500276634
6375,0.2705020827495745
35675,0.12139017809148665
19985,0.08698645586319631
28981,0.13235773550348925
34130,0.08506460770600716
4669,0.16541656418361889
39117,0.16967129198230727
5998,0.15811627698802969
26078,0.08602856613464457
25183,0.35314085167466003
6482,0.2872596311976279
33690,0.4469708145178724
37315,0.1027437486185974
16101,0.2047276617395872
7853,0.21930579499534394
7503,0.1515092109638322
15483,0.17759151739794846
15213,0.15308137885106288
9535,0.09094958030882633
22324,0.13328524158035013
16827,0.3372935694228786
22359,0.07689221057043691
12595,0.28293955219642497
11023,0.1521035412972713
7872,0.27833699582682425
8493,0.2060128878901993
11764,0.26599325170148497
13885,0.2931779543116404
32144,0.4566903808086293
23637,0.09388803497245753
15113,0.15596133967172898
29777,0.16590041556495827
13662,0.23545504298709186
15989,0.2938007659653151
1207,0.11033287046686688
27840,0.0810005725291897
11608,0.12081891052689706
1758,0.1668745139126605
437,0.1992563502506286
7100,0.3041100967324451
2808,0.20980978987093624
14054,0.1547790114008274
37451,0.4106491562359708
809,0.17439842662075014
16420,0.2302226228960101
27699,0.1875080671967992
4444,0.2442342203528879
26955,0.1443908089262864
1831,0.16374682401275342
5966,0.2839018222794786
29166,0.1580045542642311
29578,0.09743865822832014
26610,0.11023628931338443
32234,0.2963264463144134
2711,0.11638189541936682
8069,0.17086072627279414
34132,0.3444479776236913
15424,0.2020127540159093
7700,0.08374138177431396
28076,0.3673118074124727
38643,0.1635259201708075
39046,0.08300338928826358
7885,0.12567890946443674
8705,0.08070299960097331
11758,0.2481796839558905
7446,0.284105469483366
14430,0.2189095287762708
25455,0.1915361929678767
11547,0.2402264067414361
38183,0.09323287905210816
21437,0.1802103650335241
19711,0.27504180546651485
35980,0.09513721417781172
11954,0.18654055560063845
29295,0.2029500922967456
23745,0.2991731739114573
33101,0.3017841098819539
33934,0.0859826082940865
5872,0.12074129307586033
18662,0.1915435751764995
9141,0.19620935588007687
21312,0.19070862249929485
5356,0.13938734295226052
19790,0.17764633327675255
2150,0.2644799441726717
33526,0.22000945817195225
36318,0.06409138971385593
38872,0.17045611929631124
30036,0.16428855997281136
26580,0.3751131459493256
26753,0.3233273850448732
29877,0.14802940465258174
22733,0.12538178594205662
3844,0.2334749889094424
10465,0.28006139126841784
27670,0.22476660281281485
22875,0.2367354922783325
14620,0.16368599382501162
6033,0.3632869580130046
26189,0.15910790251081675
29511,0.20928567136050516
9511,0.2221534184675655
9744,0.4539462920547505
17005,0.14778014143397664
19983,0.261295570275092
16528,0.2146792116406524
7404,0.1745222472991442
6544,0.20096255660041465
9815,0.16136155927082274
25989,0.19696775499118696
22559,0.16790733244612338
4381,0.2971576543948583
12614,0.08631410173490134
12530,0.08130676333589358
3740,0.2268802418302741
13491,0.33614760698497426
17232,0.22212866734717546
34698,0.14910064384176513
4727,0.36837252122357217
23553,0.31089437579797624
5945,0.1915777250213542
27938,0.19499458445059928
23309,0.06408711248024139
37676,0.17068534194191354
17576,0.2123242132920789
21295,0.15398510007546204
37181,0.2162490484645425
15289,0.0969618478839175
7674,0.35092292070429004
11416,0.11129532297615903
6758,0.2955000112602713
24820,0.11531517282388958
12343,0.17215611202081513
3601,0.131178571368022
23854,0.14969193853449309
597,0.16347462401841262
22404,0.0678381554969321
28416,0.1021662250444609
11571,0.14514733939639665
18896,0.10467180372069786
23407,0.12805420352113245
29824,0.4214965392277832
28172,0.6337729234198239
19384,0.26536063002134763
36961,0.19199901309404172
24985,0.492862612912917
27025,0.12124492343437596
13633,0.13441015375191515
17804,0.15764333055279048
17118,0.12213108923129876
22296,0.3266439733337108
5138,0.4229323903669121
26875,0.34613692650025746
10673,0.10345720293061683
307,0.13473553855102496
6821,0.1968885703549572
18262,0.17025597018576485
7842,0.31940391040432553
4394,0.2150927933780796
34821,0.11611027354153546
37180,0.13037903082552804
1772,0.13832031711737694
24098,0.14111862107524306
33983,0.09638454475878896
27140,0.09697127182827046
11973,0.09979530115822577
12782,0.15911913253547422
8318,0.12969954638014647
7108,0.0753059173663383
15333,0.12667012976720352
8979,0.1665214759139447
18775,0.3754509777181964
33875,0.3225176395373727
6517,0.2003590983973
24628,0.1543305463245722
27822,0.27614092060009376
14686,0.4991727920301205
14725,0.08993344241513522
4550,0.41595171828287264
13711,0.14898966439771702
26695,0.11458478464462142
37427,0.3738515230874459
38558,0.28724767262436063
192,0.08985349766800563
13767,0.3779120385911222
1773,0.1239292602020382
741,0.1887622057966664
19483,0.26625388547045165
21002,0.11075828830770584
9730,0.12523930419301246
19051,0.19774821250006624
15541,0.1600466446260419
28852,0.1567578603821294
14523,0.28055894770566203
8512,0.12121916096274862
26452,0.19148235730007346
31374,0.16676512299246465
30285,0.1122360874166632
36427,0.10515064606091762
6935,0.1276864828336148
18130,0.08327668576980762
35591,0.07317020176065171
3940,0.189002670795217
18264,0.26666959340324026
6897,0.12975064736255867
5389,0.21696769050667405
14823,0.17030781788145855
3672,0.3152411616363712
39388,0.15936673017901226
31200,0.07759476192980247
10726,0.32849056958084805
14820,0.14765414286670053
25423,0.15969485336340336
3775,0.17603976457233034
4032,0.3133192530023564
19528,0.15995025253640574
20696,0.3805853967492547
33262,0.15312981189402153
11174,0.20718707343699705
21878,0.09633213187830952
20409,0.38696419744124055
7442,0.18169708023725065
560,0.10439173226682512
23524,0.2791404493191761
2136,0.2054185031705636
26258,0.09520154980521978
25913,0.2985486587283903
14674,0.17168748460251315
3081,0.15680831669875944
1197,0.1512271504760036
16788,0.13790839423688278
25626,0.17176263666375186
2983,0.14755986177966465
20022,0.15610449396602782
32108,0.14659097289954562
9646,0.14326372773363136
14152,0.40886759597980427
27070,0.15216354146900166
24298,0.11606499848694682
37055,0.06465005932333133
13766,0.1742306384973461
29939,0.4140356018555873
23215,0.1824823633222785
31193,0.07199956159516474
35283,0.09605739747572536
28423,0.34456728167882683
22374,0.1359377435126812
18543,0.1531740011018337
14484,0.15417155723189166
29070,0.13081164558567251
6084,0.15012341805002713
34590,0.2288695625559057
806,0.1336489464391011
6091,0.14486608477563725
26090,0.2977322670230469
8384,0.1704074771732413
16613,0.1906042031867646
5839,0.31863096933980617
8868,0.27193564291533395
13087,0.08525317359399548
39566,0.16521940892213094
8274,0.1045514748973764
16674,0.2643914280023489
18849,0.07682985661849892
35085,0.09166586308134042
21274,0.17966100646347952
28462,0.2904182999341636
12761,0.07526397699558339
14096,0.3882877930682216
12141,0.22300100962065927
13968,0.1334561213783984
31807,0.08266705727027841
1811,0.2252183254320724
16782,0.12037511058931193
3576,0.13684739494876635
35683,0.3687854908533536
453,0.17858046138346742
26094,0.16571469546083045
24896,0.39298193978037055
7123,0.10908686973719538
14388,0.19653205313309902
5434,0.19671309718536853
14233,0.1298766969732763
31637,0.35268347402689065
38481,0.31888846760069034
14661,0.18493356832560434
32202,0.16762374694256604
15153,0.2455462175454297
13821,0.15298001371627182
33093,0.3735184673664461
12927,0.20930881833189915
36564,0.12554088762864166
34469,0.3956487796500051
14341,0.07822997152850356
3630,0.12783723784653975
3175,0.14945957837175142
2618,0.3112138905873882
1934,0.13628870999976472
11762,0.13203557011970052
31813,0.2382961572088119
28716,0.19278040892988546
10498,0.08902015971614709
4780,0.2573593281428517
6196,0.12309997512855753
24949,0.35218411440142205
26403,0.1300044264262208
15003,0.13264110149274316
1476,0.23048629099522405
7861,0.11254637319553316
15566,0.1914990792658446
29903,0.5500093660324085
35281,0.21337304225855813
7333,0.2365101766890497
16701,0.2522260720223356
1703,0.0964767834122821
23626,0.3634399345004613
31274,0.13599836468339585
4110,0.28393480636190793
22264,0.0887356002324968
6367,0.20683260812962412
19633,0.4060194249205996
13778,0.2325888254048958
36665,0.3297112992165888
11619,0.12488324696619313
17246,0.20101522441822656
36728,0.1253852189067422
21643,0.08426627710608862
16256,0.20744992870091508
7254,0.1009772863329706
33979,0.3002214376398478
34414,0.0966562561045724
36510,0.13580432184566096
39463,0.15997868697573414
29874,0.11478762365535836
26385,0.0791964143330469
1961,0.21263236809694688
7237,0.13226689680656975
37537,0.16233773041610586
32692,0.2790364593422176
21290,0.17049757816630834
7301,0.11405536444387245
31214,0.14811245389987446
2283,0.14110981474949286
9906,0.2600064617755278
32194,0.1636558953492209
22491,0.24296677643989506
35733,0.0812801546472977
39177,0.18256660162804447
28176,0.15771796025020804
10206,0.12082219888047342
23330,0.3700288047665018
9427,0.09635114295867346
16155,0.07752124096347497
37297,0.13941638546663726
37613,0.16059343447976884
16976,0.16080907176794754
5626,0.12353859072422554
2326,0.11919847326453935
28035,0.11608338387166794
16872,0.19489470391715746
3821,0.24888650638896526
11968,0.4019484559114544
35259,0.5233353403801251
27371,0.07942396473074377
21497,0.19140161561172808
11357,0.22392572914120087
1633,0.1398999175786707
38943,0.0939881799185411
22650,0.08304618372284947
24649,0.3887379708180675
20687,0.3546825246913373
17217,0.17853787214870048
19517,0.08876294430020329
1461,0.26791456127447794
13061,0.17742608477262806
11505,0.1781231699492682
28217,0.28221228137748033
27427,0.11583125424863927
21659,0.3495372143518746
4287,0.28726533480558136
31648,0.4753090547042607
4364,0.2436476828027637
28041,0.3471195891475394
38566,0.10881116876541387
12738,0.31189857986199704
22886,0.13296827844408005
22074,0.269850538503068
2110,0.18913056478119766
35818,0.06434480020806678
1972,0.2667209596032786
19175,0.1837916569384013
18516,0.38315463537164013
24207,0.1788346936368754
14985,0.12858465860911486
35868,0.18529269853949287
26415,0.19843319518278624
35364,0.0876166018550668
7461,0.1705354256454526
12267,0.3531167966206205
39572,0.10304603214483417
439,0.1412484760278837
10739,0.06702341801893306
1653,0.26259671441254684
20732,0.21438336625905255
16510,0.3182549199538749
7959,0.08917296733834637
9102,0.2428812376480204
2291,0.4083792881418034
34895,0.15627501178688194
30112,0.3953124942506723
3521,0.18591402326858247
32515,0.19577672617341846
35558,0.3425955590845057
11841,0.10426340194937386
30824,0.2325051321322906
7730,0.16673541781097945
15510,0.09856471224212794
13389,0.1862548069532787
2160,0.2383892670596132
18070,0.3175303573371305
35293,0.13789393253956533
20052,0.13996221910650938
28712,0.24146429274614184
7022,0.2502273984363117
33612,0.1509142542129925
8241,0.17892967450829456
15771,0.39858061781167264
30872,0.1829838642239984
35210,0.26068434405698826
7037,0.19040251539849745
34814,0.10045035374891696
5221,0.1269399189619796
37831,0.2922368359421863
17509,0.3179027053908408
17762,0.13348658614782585
29496,0.12638106024368442
9574,0.11996531655064728
20565,0.2160179078330764
35769,0.16409991527693654
31509,0.22191479932049965
26724,0.15798724403495726
602,0.3669625723064103
5763,0.10761034877848204
8572,0.2805346981403166
36750,0.09645245919951362
15644,0.08550450927867193
21496,0.10111740065964277
35346,0.2542678992877329
8046,0.15811409062194515
15617,0.44145709374182696
29054,0.2095875644180944
15711,0.07114727804475071
17282,0.053711909940789886
33001,0.28289538017537863
15338,0.17007094581666427
12911,0.07017426200213445
28429,0.08770088323923826
38358,0.14660516674287105
20807,0.13461617557043007
1059,0.1668532990948508
1788,0.13782941482490196
39010,0.11950848467203172
27044,0.256879639795332
2314,0.1877496014538081
2176,0.4802247794292949
34265,0.1128784029970824
13106,0.35268461258810263
5753,0.1896412166881528
35822,0.10019063578806522
35749,0.0612178711452747
26146,0.2193531763235983
26093,0.11614349152826245
6174,0.18739385978168788
30348,0.16256296614618224
9987,0.3457881111732269
25535,0.11450351297939874
2383,0.15822894539822047
28836,0.1806173107956724
37969,0.1939988311942357
20510,0.1716956262156048
380,0.0931463197904209
12974,0.2003478553651532
18966,0.20814643396870966
13561,0.14566873124935725
872,0.17070239843388302
28535,0.11756044227003773
7416,0.4347808696847589
1170,0.1592837764392793
32869,0.2375855726039066
31789,0.12558253114126935
15234,0.17071655306727315
32807,0.2617528787562212
30539,0.2819796852082773
832,0.1517410881072578
591,0.19267476801785444
276,0.12105529938370894
3519,0.13829240615017874
29823,0.1493517580285781
1945,0.11884201117709567
3140,0.33021653305823856
2794,0.2031853142164856
4984,0.3015981463666692
13053,0.17630850319077007
14441,0.15173018452009554
38807,0.16507319946419316
24218,0.2857306203797475
19381,0.22249904045944727
12988,0.26097276928932023
32341,0.11962855456483495
7014,0.10287136600366356
10503,0.05874999475007351
34816,0.2838840905219863
6708,0.32442002435104794
6309,0.29284585230449656
10402,0.1311976966097787
32542,0.2425454641417668
13700,0.19976782581847244
22067,0.1399950893036945
28333,0.26714181077406435
10665,0.19986744717163168
1850,0.10596876209741732
36856,0.1152295850774598
24141,0.4118356910790303
32319,0.1637370953508463
26036,0.120086916606101
27261,0.2834780957206825
5837,0.11330777964930125
19601,0.20638260183232215
8857,0.12994574969077372
21037,0.08280684801555578
16556,0.22460719117272926
27501,0.09512400895663382
23547,0.2939409942153302
27238,0.2666428432898284
8160,0.15262653661708447
18773,0.3283787241217699
23672,0.1787280375062032
15872,0.2691181825087597
20376,0.351505528113091
14885,0.10570320787059624
2117,0.0695317172151995
30605,0.16202963113656713
5796,0.16782078577314893
20230,0.15859672951954246
29666,0.2485331931546858
36612,0.4027898715549691
14874,0.2050409182781658
14941,0.3045898925754452
8664,0.1913425276134363
3649,0.25596549650290795
27382,0.2003920991749815
16065,0.14781761001562738
15648,0.1736609780328819
4118,0.1526614027040707
18711,0.410021405097965
38946,0.062085083301307464
4296,0.18494988958809644
22309,0.15987703667294909
1977,0.26634893669298865
12979,0.15400014798212006
18035,0.17651303882223635
26970,0.1188463252152105
24494,0.13427544901904287
28841,0.4278900591464977
33578,0.35149930292739945
11558,0.1509752072303618
2338,0.4143774588436845
23871,0.16138152944821382
15612,0.08520331198202077
10260,0.3434800528165603
3773,0.1832830619548458
16248,0.0835533106116794
16214,0.37196163917204816
9338,0.2535099613783181
25768,0.3201849686819723
32680,0.08895963837312723
16235,0.34626178223444753
37597,0.2150112855937752
3994,0.1573725317388132
1976,0.2080537228279967
35212,0.2355087770651832
29195,0.2348761284121708
16206,0.19719063423498465
27354,0.14619728863364115
23680,0.07140715346157411
30280,0.1825034259335044
35662,0.11536091298158277
25393,0.2583872590036781
8809,0.2146409851162376
10646,0.14424556871348515
2331,0.1804838665124157
37290,0.1639428370341813
13940,0.1297892418512992
18682,0.41230602251064025
12486,0.12491702897370703
4704,0.16211822079388902
3949,0.2746021728693525
9445,0.22148136214776828
2004,0.1967052903987818
26174,0.20435728019602054
34778,0.3277974547673724
27095,0.10357570009595933
2890,0.25954549964863394
13227,0.2651135779393762
8936,0.2841046376082825
2967,0.09804353816229593
24093,0.3336184033165298
27096,0.09322493486183824
12393,0.17443766574081165
19574,0.3342485760930962
28136,0.1277656526226704
9655,0.05271029927764654
33912,0.3524334027439739
19003,0.09290827924279536
33736,0.1074501830122742
26440,0.3822871305277539
20339,0.2667202536799502
21858,0.18763324711183105
35260,0.07863855289408933
24672,0.26633645656135924
458,0.2295351407187969
7667,0.09754717008199028
36932,0.3771810039642587
8646,0.312659957633689
8178,0.1105676513606304
32905,0.29119490621960303
26077,0.3515584700054763
19425,0.12015945695777185
35942,0.18177079463823195
16656,0.2092133660263185
2413,0.26497561848125223
1186,0.160678945915042
17937,0.12329354644927792
23479,0.15711605978092028
21710,0.17772784332715885
28762,0.2664621472429138
21482,0.26220640410915724
14979,0.0791193653818182
1304,0.16970799320210606
554,0.3073130657380124
21558,0.13091227211225118
35735,0.54467022532263
2955,0.17067835894414962
38132,0.08654342469577267
20254,0.1590282667857074
16629,0.3386659514609296
16238,0.2469458205891375
37384,0.12638945146538144
19593,0.15112967105607528
5622,0.3273176744228707
11049,0.2966848160609916
12900,0.17829287101480334
20143,0.25480517307956363
6260,0.14382569326251973
1882,0.15792834360139002
26307,0.3469354701729401
35895,0.18422280285123332
30382,0.1606048265826388
10712,0.2043683389412427
30715,0.2569007243479677
28309,0.2561755511808145
33519,0.11466298610629096
2669,0.1768554592348135
26194,0.1875116801514275
15791,0.3452156882031351
5604,0.1660761508304355
20589,0.12096768925757748
36280,0.1844286597729976
19229,0.4567455632444421
10076,0.12358715865512407
22999,0.21506604079918965
30015,0.09951366933659314
31203,0.2929181058992331
19450,0.24916650075524935
31635,0.5349220332702879
18429,0.13134818118239694
21753,0.12984954204162344
14280,0.10083338822716076
8098,0.2967593273735401
2740,0.16769709149731302
34420,0.08379188649367936
38711,0.2680926958800268
5345,0.10909538667557664
2284,0.09509600087609794
2946,0.2110771890053227
2281,0.0695121009761207
10169,0.35238785399415395
4946,0.22035144714650245
3021,0.18510106521451547
13437,0.2238859156092393
27541,0.16736938305613372
6872,0.14336804693329558
15341,0.4761150545758717
23187,0.2705557841859201
19354,0.17379656719927866
28262,0.04446219309354103
18640,0.1715881356729423
17303,0.2465246484549287
10210,0.12412785278542696
20422,0.2938914810802785
28812,0.06748769521667655
15661,0.137040151899157
28448,0.10133417397471196
21662,0.1688455762555282
285,0.2074558115881168
10009,0.14695882140306726
3429,0.12568983882426005
22079,0.09519422680976417
16410,0.10494229245648534
21727,0.30136909226708913
17964,0.21384912032473571
8867,0.16206525546299147
11692,0.3450958033913633
23065,0.3176794789330892
17843,0.28113324268426954
17069,0.1620829034882572
36077,0.19182370443883626
16472,0.12982214042723825
24721,0.1694723317423638
8462,0.2039947169926908
12811,0.1830603141948842
1638,0.15019475149770597
32607,0.17346212249590354
27785,0.10257310668359744
38432,0.1925340297740708
23506,0.08565950010972134
22968,0.5018794280113686
18223,0.08746224808731393
24170,0.13844631193369114
14567,0.09006994048192417
27075,0.12034639230254275
22821,0.15405311465557195
30196,0.33173609917557445
3664,0.24880646894206865
35429,0.1577270212834356
6470,0.14668038547210602
8208,0.16930681558300684
13983,0.29028846880497783
7810,0.2345559728165493
57,0.14194400042485475
28648,0.21011178257231355
11438,0.13504939501982072
9871,0.32006621141988256
9798,0.4938494443091403
15504,0.4805764687914017
24701,0.1559025436834785
22111,0.08843032852092056
28786,0.19936521411392868
33501,0.11961872678417328
15993,0.14069669487692396
17596,0.2621554954274678
25552,0.17013750687179385
33037,0.3975658932284197
37064,0.34776760197728857
31127,0.41727375746624734
19729,0.21220537943151288
27281,0.3950981124359109
6136,0.1595757641022129
22976,0.09733904981784304
31000,0.2252018333395657
19364,0.511617121177593
3313,0.15761768672493826
21465,0.378974364506332
39287,0.21306364634886252
35729,0.18007505042139607
38969,0.1802215878155692
25130,0.184711139665805
33633,0.2968608555863077
27457,0.1776722485251512
28168,0.14734198570179455
22360,0.20633879790109466
12670,0.1617005584105452
12130,0.12907243868908164
28357,0.12777410417427676
34158,0.09777204384077236
24916,0.1193581195914439
2838,0.17020640806012602
14106,0.14685187001594288
12626,0.14283619403554754
2777,0.12674414487266794
18818,0.14641458243373706
27832,0.25518231984942874
29288,0.11643872150173425
10141,0.08662460014340212
35527,0.1517981382993458
26555,0.1666719105346699
34801,0.26646758812494176
18629,0.16248711975353866
31288,0.24100065446709545
2646,0.37373556874798375
33798,0.09560539124474543
25059,0.2493501362309227
24092,0.5388839084113964
18888,0.13282750392762024
3998,0.2096920835259473
5746,0.2864179939740717
38603,0.3733780298198515
13376,0.16622264108419074
30935,0.16484659761917206
6199,0.16113007427387713
23849,0.11033838082362774
6528,0.1426235633465128
36001,0.15373528359335534
7891,0.1949039820526792
33163,0.14164357709687533
17209,0.17430791060284298
18756,0.26402105521543107
11788,0.12443934407097634
28862,0.11073918354631873
6942,0.2374627604989845
14763,0.17037460804844606
33497,0.1058623548820192
10298,0.31971105037160724
11704,0.17056183405033892
19406,0.1215961090872798
11420,0.1405514132828042
18520,0.16095759434923712
21173,0.3453324956479959
17888,0.11052804806334536
11610,0.2846647373786385
30470,0.3144461153344393
9057,0.14502670325376707
358,0.1555007590274387
15548,0.22962827969630306
6290,0.10899362732257044
37162,0.18298994090321705
16546,0.1152090928342136
9339,0.3606100545604185
31173,0.27617172294581305
21934,0.12277067857181
8975,0.14847859275171846
18737,0.13723552409829914
12146,0.08595515331068684
21154,0.16354956142216925
23934,0.21520867910797645
8130,0.22326383831777055
27552,0.13319950336739295
36073,0.06441436003694337
18383,0.2838411979215015
3976,0.2084092498198605
30876,0.19578145188107668
10255,0.2336222405159937
16840,0.20377397512794165
12093,0.17273421583552626
277,0.12832243504911706
36029,0.2802084458936153
19010,0.16539040782809675
7225,0.2444467243600993
29251,0.3227153873062896
28515,0.1843117212220888
24609,0.2676095486725217
16067,0.13390366469322698
11744,0.1247991075120408
25307,0.4262905775463919
12886,0.12287113152640948
38445,0.13112685980591868
30705,0.3101733031998288
14052,0.4128397814695364
30007,0.15136780738625172
2376,0.20136125375677155
20804,0.2487115897242677
36796,0.1158675702160276
8429,0.1774245082614481
24893,0.22925465148641044
29911,0.07081063460022091
11589,0.0878001347740719
37141,0.3617452438097791
31667,0.31920057799680296
21118,0.4551395529325005
35315,0.09227949752512082
1316,0.16807127684796733
20820,0.18605979103421744
17036,0.20535739267270592
23860,0.1598693558971415
21956,0.18382516313900585
9681,0.15172271395504172
23936,0.3112614761765315
11659,0.3351884394064771
31759,0.09640431110569468
16538,0.18109209420077446
21349,0.13606098364092872
7794,0.3045387451968713
23924,0.12869777929550974
30149,0.3566426042604175
697,0.12700233388406695
38342,0.3136453231161995
34950,0.1408675233884455
39546,0.27184262835512696
20292,0.09425478964397163
5752,0.38320322295206255
31965,0.16033164198743374
16123,0.18099415512196887
9722,0.230293346527828
26576,0.13501330322918134
15299,0.17170036881607947
20590,0.2642699718039794
7519,0.3887532232911962
7020,0.1541434943669726
28279,0.23264759602386995
13719,0.4101161093243033
16536,0.2744191428866129
7879,0.14688125399252275
20506,0.25690167163164235
4464,0.18027620488342472
71,0.09744308875748037
5072,0.15815701354924305
28799,0.3052968435245829
33008,0.056909419572781075
2590,0.21190858599727566
24737,0.22723753577661376
37623,0.1780793840222419
37779,0.08966702565202256
37959,0.1638101832105352
37305,0.4337903264425108
16302,0.17280560262826186
33371,0.2302074077120489
39489,0.22822669967352024
26513,0.327300876216334
4657,0.21886746480415653
38955,0.11592366272760507
31615,0.16488507691297186
4589,0.3002864796315025
21817,0.4212377852862663
36732,0.2095556752832255
32426,0.1597844740370625
6678,0.15993445641433715
26267,0.2067499198008415
34313,0.2542270527934857
11683,0.304094502424336
23597,0.14272404779920472
22089,0.107088568044392
10145,0.17330806338086396
2921,0.14905860759855796
20180,0.03677540431820708
32085,0.07277383168081716
16607,0.1313680188783253
20257,0.31344045348579525
28920,0.252429308767815
9600,0.15867641905386207
18853,0.1392164296480117
20538,0.3824674481022431
27278,0.1319428277953671
19159,0.2511936850423513
38422,0.16437622601593718
35287,0.1504385905898227
9237,0.2045190107882887
27071,0.07606812085418098
28876,0.17351351586741393
37760,0.2522456308474457
21888,0.1397687129959917
10170,0.12895671381110815
26727,0.08832058274539634
26130,0.1829810565517301
18157,0.1128894327113148
27974,0.12427866499453165
37214,0.1974719458320501
26892,0.14230065020183075
35637,0.10969119812555717
20400,0.3748874548583079
15082,0.14191697495818195
29154,0.1153970711524608
37492,0.19072981019739926
36787,0.15523232894982034
5309,0.4674588363054264
34749,0.14064631140104378
21160,0.13491450630779167
28700,0.1814174407591636
36239,0.3522563732452712
22380,0.11739390598245238
9341,0.3210817903225541
1844,0.16134935344195894
10623,0.12462861835554714
34233,0.16231840266214906
30997,0.2751668918735029
37019,0.25474564364386343
29347,0.26632661448034844
8854,0.12819699974728996
20512,0.21163435131159128
38992,0.23770043602989935
11228,0.1552490642793255
3498,0.1925837875297276
37821,0.15805323320503786
11399,0.10571624526963963
4989,0.2015977196423549
36751,0.21044332609434727
27408,0.3894680073591534
35554,0.35264681917265744
20997,0.12175893226980446
829,0.12038619463163512
8273,0.13651582998670578
6519,0.12686231332989684
20580,0.3362633794484894
30553,0.17225004016343531
134,0.1495539386037449
35872,0.2914319595062794
36211,0.1638120220187846
12523,0.14154977000850505
20612,0.12417937758530948
5210,0.10286061530777696
5964,0.11825811078157587
18567,0.09678572571167747
38360,0.14466047359430192
29654,0.17206167443083606
6647,0.19525215421014025
131,0.10983685584009177
14816,0.2545181442018147
30671,0.3580093250372223
11534,0.5132911605472529
7570,0.15940006471478546
26498,0.296562977571034
29055,0.12205388500791915
15740,0.14503415401909653
12091,0.4417729332539672
25397,0.2309372605604737
15270,0.3736960840369555
1987,0.18237950249886387
249,0.09234698675297356
32601,0.13969713344553605
22824,0.09922879246380893
14404,0.1470473400210521
4804,0.3143297842923793
33239,0.21647385556338425
30622,0.32686488167104194
14286,0.09474961119620096
35587,0.38722477270775896
12579,0.15726353674070673
30741,0.1370057265008759
37715,0.046493621750883715
37478,0.18617820110659786
12135,0.2534841081634525
19550,0.14618232528736316
29529,0.11482440594246357
23359,0.1554423180215581
25509,0.1164370404824666
2191,0.12157556373364932
11158,0.30172772283987936
11893,0.3210168474489947
16267,0.12533075258082638
37490,0.11945735360528124
24002,0.13281286865275632
26007,0.3527684762721858
5170,0.2578828611068372
24533,0.24546316796014206
12007,0.2987579444630313
36736,0.3446238245558513
4397,0.2840051742034525
24268,0.2522271053862096
7852,0.22721092169314705
8580,0.29526672731983183
21959,0.15666450599988233
12165,0.17603171974569795
31420,0.14131824286989395
19682,0.13151563710539596
36649,0.11373574387175682
16396,0.3901966059828967
32116,0.18478160065232047
33289,0.1339551393038264
30881,0.1029677747106506
36307,0.2560308337416781
3966,0.17180288112213024
23288,0.1952058742536293
14570,0.08299812405409984
11406,0.1201133001867548
4527,0.265451911232627
18112,0.29099465143831177
4129,0.24923536195709176
13521,0.1206759542072508
6791,0.11312744628189357
6254,0.14604375186356686
31346,0.1627036737468968
13026,0.2572170944394775
19409,0.08349466620877476
31975,0.25893927561476193
13743,0.21668520467064625
39590,0.09271104122062664
17436,0.2834345040544137
887,0.17003521913353206
746,0.1201760371476505
20746,0.28996561643574625
8230,0.09040655316599176
36588,0.15505113974866672
30879,0.13296526501223507
15887,0.1466730062438941
25881,0.3704559641825761
30442,0.1953133573237543
22962,0.12552861703671647
23011,0.16674179541213216
15940,0.41325150646952
9139,0.07445646376429388
4302,0.20182422662392527
18721,0.15493578638530464
11368,0.17500310941998465
23245,0.08883043359194523
4491,0.3150025479061747
26734,0.20104680733044067
2514,0.181054903099218
5951,0.1812232648535445
8770,0.17977735494144093
24191,0.2958847056354188
7684,0.13882808990128126
13872,0.27265524060072804
30244,0.14730244427566744
18817,0.19375109958248146
12452,0.12181404614923427
26774,0.4028484433538572
38048,0.2517140549660856
10422,0.2780084648285893
31405,0.12890474385788347
11246,0.26124539736057645
35659,0.21341822999479693
18025,0.3538907465875013
2615,0.10658022249007666
22899,0.14872416058837992
18289,0.3644772741217427
14791,0.18161740102222004
21260,0.14383998775299184
24600,0.15489357894485148
27977,0.2619095382850388
334,0.2513159877646427
15402,0.07629525364917625
9144,0.14435970751369182
7897,0.13030345012613834
8821,0.3745713451299072
14561,0.11403438643924653
21701,0.1438362943158952
17140,0.2525084969333473
1792,0.11216642675593924
34840,0.12621458543065486
23284,0.1107151500911181
38615,0.09852072839758473
32346,0.17748557877501064
13146,0.12949153637102706
2502,0.19049085756000086
21419,0.28336809128943896
23303,0.2535115646889182
31039,0.13441588338007102
17110,0.23193723905879385
16532,0.41379304828157776
37557,0.2188883480034443
10930,0.31296778950483883
9416,0.2225551552964016
34595,0.2017673185836764
1348,0.13184864738655372
22832,0.16826167061645064
21013,0.37888418743169583
35214,0.38989157455192497
36872,0.35721042521680296
21332,0.1516714192470726
15707,0.14969814627436925
28638,0.3958018348996396
21674,0.28512229066159506
37144,0.1550448249589819
2507,0.15247637361268254
13969,0.16607593586344674
9120,0.2618969449997032
2896,0.11991060362386155
369,0.10647964879611256
265,0.3825311530211508
21300,0.15285116096174078
20216,0.1313185735371606
26009,0.20840569585963384
7930,0.14118880940949655
12280,0.0954566279317865
7397,0.2379916949174465
17160,0.20166434564940824
32449,0.08519675300569933
24464,0.3263998803105028
18350,0.2467051456227905
18409,0.29527077471528995
30774,0.0747049580648809
36686,0.13604708699758525
30295,0.1913075862812132
28329,0.16548507689448838
20474,0.2160549989565053
163,0.10212542894830696
28578,0.13729572961224235
39141,0.13597173239009344
16359,0.1613976159027276
16969,0.12459282254616492
18459,0.19321659344317227
28397,0.14963145172087766
13297,0.11704038411437345
2188,0.16546168537222414
9567,0.10298088272392264
15562,0.18227089402010108
2760,0.14349512179212526
27271,0.4919713477915063
4299,0.2810194079124137
4677,0.21284486576207
24495,0.17199429589505175
17890,0.15767612196818004
8403,0.09656043394405027
16604,0.1957052259205745
17224,0.1694697069394209
19019,0.15164597709623528
37304,0.12315991219133285
19674,0.10026529346619742
31521,0.14375613654021244
33949,0.3631563369714561
10095,0.09861951708440077
27772,0.13784472673647147
39615,0.12081491276789875
35480,0.09498630901129916
33651,0.08487302515458743
32790,0.23247666515560994
15305,0.15626473856306838
16333,0.2344618924769173
25064,0.11205819814385516
29255,0.35711624471065145
36214,0.08830847655005636
2851,0.12094814993075995
9308,0.08281859917009281
12591,0.21525419958593167
29723,0.11606137774519035
20931,0.16372730941676816
5633,0.07162155104979984
31094,0.10784997880098016
4153,0.12777498823767106
6795,0.2850498690726971
19992,0.16458445745823266
11370,0.13354118349189653
4171,0.31910661889095004
18147,0.18209784672965795
5162,0.16135259699690774
32209,0.13968972647113884
26592,0.17897806205726055
14970,0.13761156977006547
36168,0.13990157916459228
4702,0.20273850154394046
35133,0.09007550626158584
6459,0.5427769875561957
1528,0.19252758206947235
15035,0.15649993901223425
1604,0.17114550456710592
28040,0.2655450260843975
3982,0.2604811630745247
1663,0.27229832103950125
11423,0.4900197380487832
12645,0.28645166252870313
30827,0.3714510466503759
8059,0.12548404937909005
29189,0.30192560458315165
30963,0.2817119798586628
6829,0.3676484916722644
32746,0.35472107031707195
18098,0.12891284747364895
36781,0.0648976707065301
24550,0.25141014597710504
20823,0.11046599024734093
16485,0.2666049666731988
4656,0.17300768258980512
1339,0.102720467804322
38881,0.11844741905856065
7310,0.1773052431476643
37003,0.29447496160428244
31872,0.1513969370324186
24574,0.1282794661623431
22153,0.18925019472979895
19801,0.20717551435687706
24060,0.36203633740806573
13642,0.23462215856799484
33223,0.16032205452108894
33453,0.14858521950768416
6923,0.22597147141383606
775,0.3724814795486885
13977,0.17793624256911525
7135,0.15567009115064806
31828,0.14303531169034933
31725,0.337477342615909
12667,0.2025799102662601
16210,0.21664429695218604
31019,0.1056527879082144
15075,0.1635860753484049
34658,0.1335456251018849
32309,0.3900438877712656
30978,0.15370947513268954
4682,0.2029724477096824
39467,0.16261717082231256
24616,0.31135404431452113
26786,0.15632022506430798
12770,0.10997772746667614
16446,0.10996352421348646
16653,0.15718417073509885
9548,0.1748576835770196
5526,0.17049920843957006
28137,0.09659089061438583
2369,0.168847718876453
24379,0.26810992042139603
12634,0.3136473576615647
9175,0.22420786637593534
31418,0.2079006467903565
28999,0.0844549588333589
16361,0.2693244780055247
39029,0.09353814813574313
29354,0.18958453472384815
36524,0.09401306267326044
30431,0.35459180268360063
31967,0.09315403030145776
11182,0.0976192156445131
29172,0.1876649442716757
2442,0.1535700088853297
33056,0.31311448278812826
27461,0.2124487459215444
21469,0.15700231882996846
2304,0.09349189957130227
38937,0.15987644523081312
30309,0.23469900074304034
11396,0.17920691044310436
36941,0.2839248926441177
12351,0.3990127056428779
31289,0.09965646117334157
35252,0.13232904500867787
21379,0.1421783590915632
15065,0.1480582317433223
28184,0.3547903628200104
2881,0.14502309640326794
31012,0.09176005015582007
7142,0.13560842497644748
28208,0.13520016047052175
9229,0.247652688813161
6731,0.2645980847899302
5887,0.16135214172557644
13420,0.13357562990812755
1380,0.09634617867211788
21180,0.13349921083040073
21606,0.1905727750592116
38069,0.3922819039913576
17980,0.0960543863335154
15302,0.1809041743452456
18916,0.2239037782411656
17992,0.707710018612876
17597,0.09301388913973152
31754,0.2685518494181968
25114,0.1256914283783927
14038,0.0889721525371248
8764,0.16333526984217162
34884,0.17424298516343545
319,0.17009079863077015
15369,0.1300570980792926
11761,0.16379587285169844
4689,0.1832607518167237
31588,0.15617352543685736
36480,0.14591067381353015
19047,0.1284415274917365
35173,0.19482474850595385
29872,0.3268849226182106
27513,0.20764066482755028
21264,0.286845374374419
14074,0.17289001263692286
11444,0.20754237193236247
28911,0.1401921752397879
30977,0.2765679117390951
6754,0.1661479761183844
8644,0.21663973558897692
20942,0.1673847946563776
15161,0.1587309651959349
32634,0.5770437999935725
34363,0.06611592063131443
27066,0.10320545331736618
15802,0.10352818216713716
6217,0.16324990410634255
39346,0.1037010747660797
18038,0.5762370884065587
39208,0.10177600525810426
10482,0.14929367036173347
37858,0.2833569719943189
20055,0.17124895510809188
38645,0.06084192687492679
8961,0.11427654750465667
38550,0.2051882134230342
37196,0.20220584043495848
18437,0.08000808681606016
1051,0.11086732989508616
36653,0.21867279496634712
21887,0.2948318539181272
7924,0.09425716483523926
2169,0.16405094737322204
24313,0.1563848328496208
5592,0.12810099547524187
19649,0.2053777755177154
31769,0.2847893752890246
20153,0.11388155205563348
20244,0.18134720863719
37210,0.12256342915818448
35250,0.2497438981123423
16892,0.3112567140872834
35458,0.19163604429827166
10750,0.1889882996578289
16894,0.1210583789559741
7483,0.2715742741394592
13684,0.17320467651647528
35841,0.09043623965473567
17903,0.1017495308773693
153,0.4271776715038733
13752,0.5051784716690843
2645,0.12950851599446714
36020,0.1083531625008036
34041,0.2794593740349752
22771,0.3135771707493622
12175,0.25135699715715965
27798,0.09234468802438127
12145,0.13202138258449025
28388,0.19251600226050827
18033,0.2718140939696674
37627,0.3671102609963727
11372,0.09553035730627753
25339,0.1746878536938879
7380,0.15702135988696742
33589,0.1407776924494184
30204,0.16485402572062793
23047,0.4164878288993216
17773,0.1372675967168135
6430,0.07096356563980459
7993,0.1615228677773862
3546,0.20016085983116536
14607,0.1293757156912653
8806,0.20063309439595728
23800,0.12409216407273578
18476,0.3975934259962105
22828,0.4333267812545272
34865,0.07062469289713366
30048,0.4693678318812119
16516,0.2355309125884344
11803,0.29577188460592746
1467,0.15804234235387354
31129,0.3535334666127162
20088,0.37852870751974427
19267,0.0705983309298655
30314,0.12999699522884448
9801,0.2445833237223173
16317,0.1813524809252413
4961,0.28898392415984603
18993,0.07676400966878696
6444,0.1799471043081381
8737,0.24813107599496476
37049,0.11513104420205846
5475,0.16191934689445528
26041,0.11656517693739515
28964,0.4360071022328441
8918,0.12400783214807305
4270,0.4257515257903199
1568,0.12305417714337913
4430,0.2618522399655468
5273,0.2985358638336855
10226,0.310333481239932
30230,0.12262532124482595
15839,0.2107544054826615
28240,0.08788816715486314
3141,0.20126509629308534
3210,0.2839973135044737
30724,0.2832579986954338
6194,0.3773153798004716
23691,0.20312254309536631
14297,0.17977575727335052
11287,0.3007941810359386
38238,0.3233583110602445
21331,0.21413703970342232
20676,0.13984283958741975
36600,0.2472615343348692
17121,0.4260573688960996
18085,0.3502797704373839
36601,0.1098095409913347
24507,0.22081397664810426
33378,0.2312952666243972
39617,0.3218068732326275
25442,0.14088501203538065
12602,0.11898375677559728
34852,0.15071360762702266
25911,0.15209082183243974
29470,0.2514153846238588
22541,0.06630583725098925
17000,0.2676617422270885
7002,0.09480478913966553
10398,0.14152218077756284
20437,0.1332366565842643
2056,0.2108813795020869
17751,0.1319760115914999
3196,0.142445427468259
31717,0.22101893857288807
34832,0.1828246025167602
5760,0.09350827349649828
17218,0.18151928911202345
11059,0.16499275642567693
22024,0.08907075178579774
38940,0.389949216164471
3584,0.27516485625677584
53,0.0680548876927908
9624,0.1359881872271727
38414,0.4298742427291853
21441,0.14150439936736228
20179,0.13052102061733448
13031,0.14205499200494615
21868,0.2120448318996832
26441,0.31000228667861435
26540,0.2635864238335784
34936,0.0971644694036298
30272,0.07588302527291654
21801,0.3955583065608765
30718,0.2285097279044716
11596,0.3869627075366176
2469,0.09467018845997416
994,0.17952133319872454
29747,0.09590561223480601
9909,0.19478523664236316
33996,0.16351369973394062
37351,0.09748833507353123
1554,0.0943557278553756
7622,0.17795646154469172
8238,0.11603534419731948
13623,0.1844595576168116
37621,0.1675390589171494
16712,0.500945240060262
35595,0.2327814813310269
32907,0.20399043618667864
30158,0.10960052016300208
19099,0.14984827457184371
11057,0.1418851393558494
25449,0.12343050984765505
9133,0.2821764946143179
38796,0.15251962978810518
25251,0.07065808594921684
13496,0.2255907603102825
13550,0.3745211047455271
13162,0.3715662992684249
11644,0.1433690851441659
2929,0.1589088519475937
13837,0.1340621932788604
20843,0.18305703992203126
34250,0.1246115140387374
37747,0.4991509103331178
10783,0.14380090924347316
19758,0.19460097511347973
3611,0.2151809052344343
37529,0.07670591894695875
39040,0.14387486012006653
30589,0.2869749532794961
14612,0.2593190605257972
8410,0.22308621406766266
24492,0.19419762964916085
17815,0.2972168032191434
9344,0.19276982585997032
10873,0.32389656570228553
34305,0.0883751086129486
23778,0.18821059393541664
11956,0.6541339398327761
21723,0.2811496840059316
25450,0.1336134855117114
27002,0.13747669925343567
14336,0.11780648781319022
17534,0.4586139392814389
12948,0.3859900349184916
1436,0.12256137495710695
32932,0.2973136271972501
32839,0.3093077876826885
17247,0.1143914144606383
31139,0.20727054900121727
29564,0.11212008584315704
25381,0.0958346127415454
14475,0.3667183733049345
19231,0.1184406330637539
33918,0.08862534628318748
21208,0.38738572041821856
9264,0.0916238722788239
13436,0.17749538986018085
29403,0.10230558102937587
18018,0.22059300026531573
25409,0.12951677135944115
5459,0.19375344205822906
30598,0.3253078777671032
32250,0.1923490312510304
21417,0.4220953272042949
7630,0.1399324252824832
32403,0.24510852391393545
10315,0.10867086118445612
20583,0.2010060236783248
16280,0.17544198736205996
18797,0.20167198943256576
3537,0.14675040641900308
264,0.1602201376314663
30983,0.266055225551894
21851,0.2550663969614513
14424,0.2756127203181476
11418,0.09384131205869273
29847,0.2260653196816431
28194,0.14600311917784506
30265,0.3177805248644627
4420,0.1932252905602907
36676,0.11588772259746995
4690,0.2342700077853463
14602,0.08000724127517858
30806,0.14886680726682727
38244,0.25638025408353915
702,0.13465443121060094
20897,0.2591201492260826
37250,0.0905381565539899
30256,0.07458166846839423
32267,0.1743100013499014
10597,0.3161201599242518
13907,0.2363635976118029
23058,0.2532440963146348
25820,0.3486142374029072
1832,0.10793954735955813
26068,0.1818468683968086
26634,0.14407448972903755
34054,0.2819521840537552
22803,0.3685951329494752
34315,0.17732167051858724
1940,0.21525677272149168
4354,0.1972152455776962
18341,0.17957192259619115
26570,0.3965883735008662
7184,0.16238819229188786
28743,0.10987967282292158
29443,0.2429930838374101
23108,0.10173763392638263
12208,0.15389445407266986
18366,0.10872416454952327
15152,0.19051265857358626
2536,0.090268406892782
38612,0.36312333133497215
2767,0.1598321764191672
5997,0.13300433264699515
32353,0.23725905535391306
9927,0.12786278236742638
1616,0.1164273123602682
14229,0.28285534838325604
22770,0.107476852586828
33031,0.29839561780499024
23677,0.19334685685253195
30110,0.20281362701173572
18212,0.2495915237696825
28624,0.26962666927445417
20445,0.1508012764806967
26528,0.14338529111781506
1951,0.0950727791844686
38616,0.08541859479742793
27718,0.1958180151387208
12160,0.08732837428695071
24335,0.4069829154690138
33433,0.10156552365079602
5858,0.10149455369134164
11949,0.12358271722617675
39042,0.24005583112119105
37824,0.3531832781726814
834,0.16558009151876873
3915,0.40983121205078255
28655,0.09016233394893404
15837,0.17467389354366822
20306,0.16382287402297308
36202,0.09579792851084433
38572,0.09115921561450756
25124,0.3511338365101599
7279,0.1451182171606279
19811,0.4731966672061795
22689,0.06925624346974821
15890,0.10989835659834277
14155,0.15935858540586267
33947,0.1830883800844164
425,0.20089372632380076
11871,0.10622474301007268
11283,0.2262409607849853
1259,0.20702141612066174
15668,0.4024329120013829
35523,0.2793927033802585
32840,0.17454261905860233
36948,0.3208846492772582
15827,0.2375987860188398
19826,0.2897206248912119
15116,0.1258232958840043
30912,0.2634409773780205
3999,0.292914308962963
4387,0.20906572844334415
18585,0.1863243624597589
27264,0.11351794368184702
31556,0.38189323780216666
37386,0.1618709502141874
1369,0.1862836541870576
5508,0.2675702056816837
3123,0.2490758230136833
8846,0.28465835449420873
16080,0.15007574638965948
6418,0.2161242771658718
39246,0.10248233008835546
17403,0.13314527316420086
8851,0.24228819234901885
9055,0.1624237153689717
38392,0.09071602685626684
19092,0.3463754666164487
6997,0.26349533810572523
10309,0.28625943681397303
39595,0.11303110643589068
11123,0.31162614284869106
18571,0.3324407546075595
25713,0.13737982375857574
34478,0.36318990419523606
17139,0.15617567283495554
32111,0.07949403054689609
21668,0.1457560499068321
37285,0.1337797525426826
21664,0.18399488843326012
34370,0.1082374651080978
14903,0.3854513909504365
10087,0.14766984689615378
18783,0.25272961691817586
30028,0.1900413984400842
8078,0.21773869532151324
31885,0.0921380895502885
12264,0.17896394542005375
21,0.08390586726195168
38025,0.15885963776703269
11742,0.12816455515620814
11258,0.17466605628564752
8000,0.12450637910003025
17276,0.1760781159342806
9771,0.11027640910625357
9676,0.15610940427013295
11967,0.3389952849745444
36467,0.19609421016521747
25659,0.2064933322705653
2769,0.12214164732318615
23491,0.11949682890771475
12952,0.3237263071952534
18343,0.12267772017942892
38799,0.1975031253622208
13464,0.19289341138277336
4635,0.3582904134716421
38510,0.10457915411894096
34904,0.3359963884940183
17565,0.16865125854789273
6936,0.19528255495504224
6377,0.2601564157922377
19418,0.13019310271038614
38960,0.08746745848069916
14635,0.1549372233231844
30353,0.09193166673860598
25752,0.08456851847277032
23968,0.19041594520690294
26014,0.19815868824738134
28510,0.16476419765534306
11226,0.11732495852628183
35239,0.2443751673689063
37750,0.2080136036600648
16862,0.3831878886571544
7088,0.2889096943349101
30497,0.07385864807214712
2918,0.06454800382209705
36468,0.14992244611821542
32182,0.18266574257648605
10032,0.3450928274882923
32289,0.2334574733097907
9853,0.12860904360640005
26572,0.1251873416750562
17767,0.14947053348994002
21287,0.1832044259055028
30637,0.12301440586562215
29932,0.1057705875359238
29605,0.10904599836908492
33897,0.4030172463682225
19618,0.3003889855754525
39385,0.08862765099812203
657,0.13386151252993322
3459,0.19269672266363366
27287,0.1670358629593413
10250,0.38700161148546
5055,0.13548234428775438
19609,0.3397778499780866
14780,0.2825126846110744
28013,0.15941113974642498
30862,0.3080340306975648
30969,0.14430455802100722
35959,0.10235830064985807
23305,0.0679501421206749
23545,0.29999601462422754
33888,0.07838065492412659
16774,0.22976598017806266
3056,0.14587575431797248
29022,0.4349930794597879
21127,0.13622050910978575
29793,0.15483488329601008
21996,0.12163319173554794
31633,0.1931976956874449
18848,0.10065767162063806
25729,0.08165315031181257
9935,0.16677424820761366
9249,0.22738904329035306
11383,0.3765895446297633
6637,0.11333986062099667
38911,0.09775344042336423
9489,0.25845680021148026
23159,0.23621509276017
24262,0.3816922345844469
31524,0.3880970443333088
159,0.1042553399900307
6503,0.16520270280139454
7956,0.19908189800763415
35405,0.4649374960678354
3071,0.15050786270046398
24535,0.08284988018152513
20340,0.17926881231552108
690,0.22007728118136308
27939,0.10081704362140168
36494,0.4860701209326124
30422,0.08431356030415542
6636,0.2872273434634407
39018,0.3939423030865372
34001,0.22208047237542625
33290,0.13010472057193215
24004,0.29496836327538645
9127,0.08523560498240823
13987,0.3727943515621622
27705,0.2565578385043573
32487,0.07395163656600733
9272,0.09912212546162977
6702,0.4054993280881034
30226,0.32329889907037884
11299,0.2358882423759225
10429,0.10723850237173743
27701,0.13902164226266608
11216,0.13632519853334918
15446,0.2165895905358956
23098,0.09483559047789873
26823,0.2165326321212692
38125,0.3675753753884756
19269,0.248379289093615
4005,0.3902374351377455
22944,0.11983204569100946
13997,0.27116402508476606
17014,0.3863977831672077
28877,0.154751295372928
67,0.1185287348810396
27580,0.15338661063974454
6712,0.3455261248583091
25055,0.10643146746127444
13494,0.21811618332611327
14958,0.1899266930626844
8032,0.22892853160710736
30235,0.1982616738042553
35345,0.1874190430551461
28565,0.1895372028712252
26868,0.2022276722839857
9413,0.31839744133654835
10835,0.1152426837917893
31434,0.2043438844003104
34029,0.0733923132106911
3030,0.2204336553591796
36990,0.1475665301803804
1913,0.12356814646733286
10690,0.13942720882053386
24317,0.4248636876275912
35289,0.31691713159994284
33958,0.06919667015578046
12363,0.17043235219855518
21530,0.13970339309527394
7057,0.2183612601555932
36844,0.30500732761627397
21263,0.3409597373290201
5506,0.16542051549444015
15654,0.1521649619667671
2755,0.1527600377789999
32269,0.2934082541265755
5344,0.3577848710257206
15551,0.16394331432317594
10925,0.1699100127977631
32768,0.27733103237192563
18553,0.18795325745905173
31145,0.2091167940294429
31137,0.10390100497930982
24452,0.11631336760522284
16370,0.10460589589639213
30693,0.21979003951587708
9993,0.1402476377050116
27288,0.2389313774815549
3518,0.16066463225631586
31190,0.16700512085742505
19429,0.1514101571879837
1595,0.1566435285023651
33920,0.16342106975433907
26237,0.14683815073705336
22437,0.3339035044499893
28730,0.1514083346512667
37182,0.15473437326746686
33925,0.13734783339743192
3493,0.1890309263044566
13422,0.2909665005395989
33076,0.3896974645815579
5904,0.1750254517128862
5132,0.31645957178445944
19707,0.4752588340960751
27167,0.16092218706102834
6525,0.3132359660661257
